1 | Clari | Braywood | cbraywood0@bloomberg.com | Female 
2 | Wilden | Kirkby | wkirkby1@globo.com | Male 
3 | Kelcy | Allsep | kallsep2@chronoengine.com | Female 
5 | Yurik | Elfitt | yelfitt4@cargocollective.com | Male 
4 | Clarey | Booley | cbooley3@digg.com | Female 
7 | Mortimer | Haith | mhaith6@diigo.com | Male 
8 | L;urette | Hellcat | lhellcat7@sphinn.com | Bigender 
10 | Barrie | Storrar | bstorrar9@biblegateway.com | Male 
6 | Florri | Ralph | fralph5@usda.gov | Female 
9 | Dina | Neesham | dneesham8@vimeo.com | Female 
12 | Tootsie | Ferran | tferranb@yelp.com | Female 
14 | Gunilla | Cammoile | gcammoiled@blogger.com | Female 
11 | King | D'Alesco | kdalescoa@wikia.com | Male 
15 | Emlynne | Ventum | eventume@123-reg.co.uk | Genderfluid 
16 | Aridatha | McCarlich | amccarlichf@npr.org | Female 
13 | Rozina | Creegan | rcreeganc@technorati.com | Female 
19 | Charin | Greystock | cgreystocki@paginegialle.it | Female 
18 | Titos | Cypler | tcyplerh@storify.com | Male 
20 | Zsazsa | Holbarrow | zholbarrowj@ameblo.jp | Genderfluid 
17 | Kelby | Conti | kcontig@forbes.com | Male 
21 | Alvinia | Bastin | abastink@nydailynews.com | Female 
23 | Helaine | Circuit | hcircuitm@imgur.com | Female 
22 | Gena | Minto | gmintol@pinterest.com | Female 
24 | Lucina | Petrello | lpetrellon@webnode.com | Bigender 
27 | Yankee | Michele | ymicheleq@google.it | Male 
25 | Dexter | Sickling | dsicklingo@senate.gov | Male 
28 | Dietrich | Oller | dollerr@blogtalkradio.com | Male 
29 | Josefina | Leftbridge | jleftbridges@yahoo.com | Female 
26 | Terri-jo | Clevely | tclevelyp@tmall.com | Female 
31 | Joan | Gowanlock | jgowanlocku@skype.com | Female 
30 | Sal | Serginson | sserginsont@soup.io | Female 
32 | Tomaso | Matchett | tmatchettv@dedecms.com | Male 
33 | Leonhard | Hunt | lhuntw@fema.gov | Male 
34 | Aubry | MacKenzie | amackenziex@vk.com | Female 
36 | Gabriele | Anderl | ganderlz@google.co.uk | Male 
37 | Denni | Davydoch | ddavydoch10@cargocollective.com | Bigender 
39 | Herb | Westrip | hwestrip12@ihg.com | Male 
35 | Shem | Jakel | sjakely@surveymonkey.com | Male 
40 | Lark | Hallgath | lhallgath13@gravatar.com | Female 
41 | Natka | Tremouille | ntremouille14@hao123.com | Female 
38 | Clerkclaude | Cleaton | ccleaton11@google.com.br | Male 
44 | Talyah | MacFie | tmacfie17@slashdot.org | Female 
43 | Edlin | Markwick | emarkwick16@wisc.edu | Male 
42 | Orelie | Roddan | oroddan15@europa.eu | Female 
45 | Padraig | Goligly | pgoligly18@time.com | Male 
46 | Cristy | Bradder | cbradder19@princeton.edu | Female 
48 | Auria | Kelleher | akelleher1b@geocities.jp | Female 
50 | Carmelina | Road | croad1d@cornell.edu | Genderqueer 
47 | Ki | Rowlatt | krowlatt1a@zdnet.com | Female 
51 | Pyotr | Trussler | ptrussler1e@epa.gov | Male 
52 | Teddie | Whitfield | twhitfield1f@springer.com | Male 
53 | Delphinia | Kenwrick | dkenwrick1g@walmart.com | Female 
54 | Franklyn | Pancoust | fpancoust1h@bloglovin.com | Non-binary 
56 | Claudie | Pinnocke | cpinnocke1j@indiatimes.com | Female 
55 | Karna | Curtois | kcurtois1i@desdev.cn | Female 
49 | Lucienne | Duddy | lduddy1c@google.com.br | Female 
59 | Pernell | Pennell | ppennell1m@tinypic.com | Male 
58 | Joe | Robillard | jrobillard1l@webeden.co.uk | Male 
57 | Joachim | Barends | jbarends1k@skyrock.com | Male 
60 | Munmro | Glaves | mglaves1n@mozilla.com | Male 
61 | Stanford | Tuppeny | stuppeny1o@usgs.gov | Male 
62 | George | Kubala | gkubala1p@myspace.com | Female 
64 | Calvin | Maunton | cmaunton1r@buzzfeed.com | Male 
65 | Sunny | Glidder | sglidder1s@tinypic.com | Female 
63 | Peg | Samet | psamet1q@devhub.com | Female 
66 | Clara | Earpe | cearpe1t@amazonaws.com | Female 
67 | Sebastian | Matthis | smatthis1u@baidu.com | Male 
70 | Tammie | Shawyers | tshawyers1x@un.org | Female 
69 | Dario | Barehead | dbarehead1w@domainmarket.com | Male 
71 | Carlita | Drummond | cdrummond1y@behance.net | Polygender 
68 | Renaldo | Baldassi | rbaldassi1v@webs.com | Male 
72 | Ilario | Hedney | ihedney1z@networksolutions.com | Male 
75 | Seumas | Wenban | swenban22@bbb.org | Male 
73 | Lannie | Gergus | lgergus20@nsw.gov.au | Male 
74 | Mair | Matteoni | mmatteoni21@usatoday.com | Female 
76 | Marlee | Beverley | mbeverley23@intel.com | Female 
77 | Alina | Setterthwait | asetterthwait24@abc.net.au | Female 
80 | Christin | Rakes | crakes27@thetimes.co.uk | Female 
78 | Adi | Crawford | acrawford25@boston.com | Female 
79 | Garey | Aslett | gaslett26@eventbrite.com | Male 
81 | Nadiya | Cuddon | ncuddon28@aboutads.info | Female 
83 | Giulietta | Drewes | gdrewes2a@moonfruit.com | Female 
82 | Neala | Streater | nstreater29@pbs.org | Female 
85 | Charity | Clucas | cclucas2c@jigsy.com | Female 
84 | Benedetto | Marklin | bmarklin2b@adobe.com | Male 
87 | Juieta | Menault | jmenault2e@dailymail.co.uk | Female 
86 | Dewey | Cuppitt | dcuppitt2d@joomla.org | Male 
88 | Moore | Raulston | mraulston2f@zimbio.com | Male 
90 | Tibold | Ellerbeck | tellerbeck2h@hatena.ne.jp | Genderqueer 
89 | Igor | Rolls | irolls2g@networksolutions.com | Male 
91 | Nicolai | Iacovelli | niacovelli2i@sciencedaily.com | Male 
94 | Benji | Cammiemile | bcammiemile2l@umn.edu | Male 
92 | Hailey | O'Keenan | hokeenan2j@geocities.jp | Male 
93 | Pincas | Van der Krui | pvanderkrui2k@usda.gov | Male 
97 | Forester | Biesty | fbiesty2o@twitter.com | Male 
95 | Anna-diana | Marchington | amarchington2m@tmall.com | Female 
96 | Aggie | Lieber | alieber2n@biblegateway.com | Female 
100 | Greer | Lambourn | glambourn2r@foxnews.com | Female 
99 | Yale | Chatburn | ychatburn2q@cnet.com | Male 
101 | Georgine | Caughey | gcaughey2s@bing.com | Female 
102 | Fowler | Losebie | flosebie2t@pagesperso-orange.fr | Male 
98 | Eula | Bruins | ebruins2p@xing.com | Female 
103 | Morgen | Burstow | mburstow2u@buzzfeed.com | Female 
104 | Curcio | Bolstridge | cbolstridge2v@topsy.com | Male 
107 | Cherlyn | Schirach | cschirach2y@elegantthemes.com | Female 
106 | Karina | MacCurlye | kmaccurlye2x@privacy.gov.au | Female 
109 | Cam | Haws | chaws30@mediafire.com | Male 
108 | Michail | MacCard | mmaccard2z@mashable.com | Male 
105 | Maren | Bagot | mbagot2w@dailymail.co.uk | Female 
110 | Ingrim | Zanioletti | izanioletti31@bloomberg.com | Male 
114 | Stephenie | Reddell | sreddell35@un.org | Female 
111 | Lorianna | Macilhench | lmacilhench32@sfgate.com | Female 
112 | Derek | Devericks | ddevericks33@ucsd.edu | Male 
115 | Luisa | Dunhill | ldunhill36@imdb.com | Female 
116 | Christophe | Gremane | cgremane37@berkeley.edu | Male 
113 | Dolf | Forge | dforge34@stumbleupon.com | Male 
117 | Garrett | Upham | gupham38@twitter.com | Male 
119 | Alene | Yitzhak | ayitzhak3a@facebook.com | Female 
118 | Brig | Caslin | bcaslin39@discuz.net | Male 
120 | Dasie | Clampett | dclampett3b@wp.com | Female 
121 | Alexandre | Fenney | afenney3c@4shared.com | Male 
124 | Angelica | Schirak | aschirak3f@t-online.de | Female 
123 | Park | Innot | pinnot3e@sciencedaily.com | Male 
122 | Lorene | Osment | losment3d@youtu.be | Female 
127 | Gabriel | Vasyunin | gvasyunin3i@gov.uk | Male 
126 | Roth | Matisoff | rmatisoff3h@weebly.com | Male 
128 | Joycelin | Georg | jgeorg3j@go.com | Female 
125 | Susy | Titmus | stitmus3g@devhub.com | Female 
129 | Nadya | Jerman | njerman3k@scribd.com | Female 
131 | Elianora | Isakovitch | eisakovitch3m@nhs.uk | Female 
132 | Erica | Coppen | ecoppen3n@zimbio.com | Non-binary 
133 | Carmine | Rivel | crivel3o@privacy.gov.au | Bigender 
130 | Sollie | Hovard | shovard3l@ow.ly | Male 
135 | Pris | Suston | psuston3q@github.io | Female 
137 | Allen | Fosberry | afosberry3s@apache.org | Male 
136 | Dorri | Perrin | dperrin3r@meetup.com | Female 
134 | Karmen | Janman | kjanman3p@unc.edu | Female 
138 | Ezechiel | Sharman | esharman3t@is.gd | Male 
139 | Conant | Crumbie | ccrumbie3u@intel.com | Male 
140 | Jordan | Maryin | jmaryin3v@naver.com | Male 
141 | Mara | Sloegrave | msloegrave3w@bravesites.com | Female 
143 | Kristofer | Millership | kmillership3y@vinaora.com | Male 
144 | Denis | Joanic | djoanic3z@fotki.com | Male 
142 | Payton | Pass | ppass3x@columbia.edu | Male 
146 | Abbey | Renac | arenac41@theguardian.com | Female 
147 | Cissiee | Whithalgh | cwhithalgh42@topsy.com | Non-binary 
145 | Marena | Antrim | mantrim40@blogspot.com | Female 
149 | Algernon | Peasegood | apeasegood44@mysql.com | Male 
150 | Katy | Careless | kcareless45@cloudflare.com | Female 
148 | Anett | Curman | acurman43@wp.com | Female 
151 | Delmore | MacVicar | dmacvicar46@apache.org | Male 
152 | Ranice | Rawstron | rrawstron47@unesco.org | Polygender 
153 | Noni | Climer | nclimer48@hugedomains.com | Female 
155 | Esmaria | Delves | edelves4a@friendfeed.com | Female 
156 | Noby | Kirkland | nkirkland4b@apple.com | Genderqueer 
157 | Pauly | Duckham | pduckham4c@tumblr.com | Male 
154 | Avery | Sellen | asellen49@chron.com | Male 
158 | Artur | Baroc | abaroc4d@w3.org | Male 
159 | Normand | Meacher | nmeacher4e@de.vu | Male 
160 | Wesley | Shatliffe | wshatliffe4f@shinystat.com | Male 
162 | Carey | Fifield | cfifield4h@trellian.com | Female 
161 | Zolly | Tatters | ztatters4g@vinaora.com | Non-binary 
164 | Babbette | Barraclough | bbarraclough4j@yahoo.co.jp | Female 
166 | Chelsey | Potapczuk | cpotapczuk4l@dot.gov | Female 
163 | Kurt | McTague | kmctague4i@addtoany.com | Male 
165 | Gianni | Elstob | gelstob4k@hao123.com | Genderfluid 
168 | Cletis | Hast | chast4n@accuweather.com | Male 
169 | Karyn | Beirne | kbeirne4o@sogou.com | Female 
167 | Jerri | Exter | jexter4m@csmonitor.com | Male 
170 | Molly | Syncke | msyncke4p@umich.edu | Female 
172 | Beverley | Witheford | bwitheford4r@china.com.cn | Female 
173 | Peder | Laybourne | playbourne4s@newsvine.com | Male 
171 | Angelle | Jewes | ajewes4q@about.com | Female 
175 | Odo | Proger | oproger4u@npr.org | Male 
174 | Sybil | de Cullip | sdecullip4t@example.com | Female 
178 | Kynthia | Rosetti | krosetti4x@nsw.gov.au | Genderqueer 
177 | Jillene | Pinnick | jpinnick4w@npr.org | Non-binary 
179 | Leoline | Gronaller | lgronaller4y@discovery.com | Female 
176 | Parke | Roggero | proggero4v@shop-pro.jp | Male 
181 | Frans | Tooting | ftooting50@intel.com | Male 
180 | Traci | Leadley | tleadley4z@umn.edu | Female 
182 | Jedediah | Cullum | jcullum51@cnet.com | Male 
183 | Annalee | Phant | aphant52@dion.ne.jp | Female 
184 | Walton | Berk | wberk53@ezinearticles.com | Male 
185 | Devonna | Eamer | deamer54@ucla.edu | Female 
186 | Hyacinth | Spreckley | hspreckley55@lycos.com | Female 
189 | Valentijn | McPartlin | vmcpartlin58@tripadvisor.com | Male 
190 | Arabelle | Blackhall | ablackhall59@nationalgeographic.com | Female 
187 | Donni | Angeau | dangeau56@cisco.com | Female 
188 | Helen | Halgarth | hhalgarth57@hatena.ne.jp | Female 
193 | Camella | Chalker | cchalker5c@t.co | Female 
191 | Daisy | De Blasio | ddeblasio5a@tamu.edu | Female 
194 | Robena | Blinkhorn | rblinkhorn5d@pagesperso-orange.fr | Female 
192 | Aldridge | Spurdon | aspurdon5b@desdev.cn | Male 
195 | Mab | Lewis | mlewis5e@deviantart.com | Female 
196 | Ianthe | Pocknoll | ipocknoll5f@arstechnica.com | Female 
199 | Victor | Ferrarone | vferrarone5i@1688.com | Male 
197 | Aprilette | Meak | ameak5g@hostgator.com | Female 
198 | Gilles | Van Arsdall | gvanarsdall5h@tinypic.com | Male 
201 | Emmie | Hastings | ehastings5k@blogtalkradio.com | Genderfluid 
200 | Carrol | Saller | csaller5j@yale.edu | Male 
202 | Idell | Elger | ielger5l@aboutads.info | Female 
203 | Culver | Cunde | ccunde5m@stumbleupon.com | Male 
206 | Tulley | Wormald | twormald5p@cnbc.com | Male 
204 | Ravid | Addinall | raddinall5n@google.com | Male 
208 | Garrek | Matthiesen | gmatthiesen5r@mysql.com | Male 
207 | Rodger | Lalley | rlalley5q@a8.net | Male 
205 | Ab | Couchman | acouchman5o@gizmodo.com | Male 
210 | Chip | Hedgecock | chedgecock5t@forbes.com | Male 
212 | Lotta | Maypowder | lmaypowder5v@redcross.org | Female 
209 | Whit | Patry | wpatry5s@live.com | Male 
211 | Jonah | Boutwell | jboutwell5u@addthis.com | Male 
213 | Moselle | Waszczyk | mwaszczyk5w@dailymotion.com | Female 
216 | Neille | Reveland | nreveland5z@cdc.gov | Female 
214 | Vanny | Huyton | vhuyton5x@geocities.jp | Female 
215 | Reuven | Benit | rbenit5y@umn.edu | Male 
217 | Lissi | Soigne | lsoigne60@apache.org | Female 
218 | Tomasine | Spelman | tspelman61@last.fm | Female 
222 | Gypsy | Bonnor | gbonnor65@taobao.com | Female 
219 | Phillida | Senescall | psenescall62@huffingtonpost.com | Female 
220 | Marcelle | Denford | mdenford63@zdnet.com | Female 
221 | Annice | Bulteel | abulteel64@slate.com | Female 
223 | Findley | Gowland | fgowland66@cbsnews.com | Male 
225 | April | Galloway | agalloway68@comsenz.com | Bigender 
227 | Cecilio | Gebbe | cgebbe6a@time.com | Bigender 
226 | Samuel | Farquar | sfarquar69@toplist.cz | Male 
224 | Johnny | Hauck | jhauck67@pinterest.com | Male 
228 | Glen | Bonson | gbonson6b@blogs.com | Male 
229 | Arnold | Huguet | ahuguet6c@baidu.com | Male 
232 | Calv | McGlaud | cmcglaud6f@de.vu | Male 
230 | Berty | Teek | bteek6d@aboutads.info | Male 
231 | Edgar | Dehmel | edehmel6e@weibo.com | Male 
233 | Arabella | Fotherby | afotherby6g@home.pl | Polygender 
236 | Cullen | Lauderdale | clauderdale6j@tamu.edu | Male 
234 | Vaclav | Perse | vperse6h@auda.org.au | Male 
235 | Hobey | Dever | hdever6i@nytimes.com | Male 
237 | Prudence | Tomley | ptomley6k@cpanel.net | Female 
239 | Catriona | Tunnadine | ctunnadine6m@sun.com | Female 
238 | Davin | Muffett | dmuffett6l@ask.com | Male 
242 | Huntington | Center | hcenter6p@eventbrite.com | Male 
243 | Gleda | Van T'Hoog | gvanthoog6q@house.gov | Female 
240 | Miltie | Pauer | mpauer6n@cdc.gov | Male 
241 | Raff | Itzkowicz | ritzkowicz6o@slashdot.org | Male 
246 | Esmeralda | Smedmoor | esmedmoor6t@mozilla.com | Genderqueer 
245 | Mirabel | Gregorace | mgregorace6s@cocolog-nifty.com | Polygender 
244 | Courtney | Kears | ckears6r@eventbrite.com | Genderfluid 
248 | Alma | Clemont | aclemont6v@topsy.com | Female 
247 | Simona | Bunten | sbunten6u@blinklist.com | Female 
250 | Brendon | Zealander | bzealander6x@comsenz.com | Male 
252 | Allix | Stubbley | astubbley6z@pinterest.com | Female 
249 | Maridel | Caroli | mcaroli6w@reddit.com | Female 
254 | Edwina | Cockshot | ecockshot71@imgur.com | Female 
251 | Demott | Treadger | dtreadger6y@com.com | Male 
253 | Maggi | Winwright | mwinwright70@shop-pro.jp | Female 
257 | Corbie | Wyleman | cwyleman74@princeton.edu | Male 
258 | Rosabelle | Odlin | rodlin75@java.com | Female 
255 | Faun | Farry | ffarry72@usa.gov | Female 
256 | Whitby | Lipscombe | wlipscombe73@tiny.cc | Male 
260 | Dorie | Jachimak | djachimak77@over-blog.com | Male 
259 | Roarke | Bailles | rbailles76@senate.gov | Male 
262 | Marillin | Heppenspall | mheppenspall79@flavors.me | Female 
263 | Arnuad | Estable | aestable7a@gmpg.org | Male 
264 | Jenica | Jaqueme | jjaqueme7b@ning.com | Female 
261 | Jabez | Hemphrey | jhemphrey78@dyndns.org | Male 
265 | Liva | Le Batteur | llebatteur7c@sogou.com | Female 
268 | Charlene | Backler | cbackler7f@yahoo.com | Female 
266 | Darnell | Haws | dhaws7d@acquirethisname.com | Male 
267 | Trent | Parlett | tparlett7e@prnewswire.com | Male 
269 | Wendi | Eddow | weddow7g@nsw.gov.au | Female 
271 | Everett | Batman | ebatman7i@geocities.com | Male 
270 | Giacinta | Persse | gpersse7h@paypal.com | Female 
273 | Teador | Dowgill | tdowgill7k@mapy.cz | Male 
274 | Aubert | Lightbourn | alightbourn7l@umn.edu | Male 
276 | Mariquilla | Mc Coughan | mmccoughan7n@free.fr | Female 
272 | Esmeralda | Illing | eilling7j@xrea.com | Female 
277 | Teodoor | McElrath | tmcelrath7o@sakura.ne.jp | Male 
279 | Russ | Karczinski | rkarczinski7q@51.la | Male 
278 | Midge | Crawforth | mcrawforth7p@dion.ne.jp | Female 
281 | Giacinta | Mollen | gmollen7s@sun.com | Female 
280 | Heywood | Batrick | hbatrick7r@meetup.com | Genderfluid 
275 | Ines | Simner | isimner7m@cornell.edu | Female 
283 | Meridel | Faughnan | mfaughnan7u@list-manage.com | Female 
285 | Lynnelle | Giacoppoli | lgiacoppoli7w@ocn.ne.jp | Female 
286 | Karee | Dillingham | kdillingham7x@netlog.com | Female 
282 | Doll | Lindegard | dlindegard7t@ox.ac.uk | Female 
284 | Cody | Brezlaw | cbrezlaw7v@wired.com | Female 
288 | Edmund | Rotherham | erotherham7z@wikia.com | Male 
290 | Nikos | Giovanazzi | ngiovanazzi81@dagondesign.com | Male 
287 | Reinhold | Pullin | rpullin7y@seesaa.net | Male 
291 | Storm | Rippon | srippon82@homestead.com | Female 
289 | Rozella | Jeness | rjeness80@ow.ly | Female 
293 | Reggie | Pudan | rpudan84@cnbc.com | Female 
292 | Tedi | Kaman | tkaman83@fotki.com | Female 
296 | Lauryn | McIlmorie | lmcilmorie87@pcworld.com | Genderfluid 
294 | Rube | Rodwell | rrodwell85@flavors.me | Male 
295 | Christal | Bottomore | cbottomore86@skype.com | Female 
299 | Ikey | Eplate | ieplate8a@fc2.com | Male 
297 | Meta | Aldren | maldren88@behance.net | Female 
298 | Ellynn | Maldin | emaldin89@reuters.com | Female 
302 | Dante | Gapper | dgapper8d@digg.com | Male 
301 | Saw | Haucke | shaucke8c@huffingtonpost.com | Male 
300 | Salome | Ricker | sricker8b@omniture.com | Female 
304 | Vivie | Asel | vasel8f@ifeng.com | Female 
305 | Tedie | Labadini | tlabadini8g@purevolume.com | Male 
307 | Falkner | Piwell | fpiwell8i@woothemes.com | Male 
306 | Elden | Bizley | ebizley8h@unesco.org | Male 
303 | Ciro | Soppeth | csoppeth8e@freewebs.com | Male 
308 | Nestor | Goodrum | ngoodrum8j@prweb.com | Genderfluid 
309 | Craggie | McCay | cmccay8k@weather.com | Polygender 
310 | Fonzie | Drayson | fdrayson8l@issuu.com | Male 
312 | Mordecai | Woolmer | mwoolmer8n@github.com | Male 
314 | Kevon | Treece | ktreece8p@seattletimes.com | Male 
311 | Dolph | Breinl | dbreinl8m@unicef.org | Male 
315 | Goldy | Hellmore | ghellmore8q@xinhuanet.com | Female 
316 | Andrea | Fairbairn | afairbairn8r@buzzfeed.com | Male 
317 | Salim | Bagehot | sbagehot8s@stumbleupon.com | Male 
313 | Parke | Bisgrove | pbisgrove8o@state.tx.us | Male 
319 | Wilbert | Carress | wcarress8u@yelp.com | Male 
318 | Philis | Lamba | plamba8t@columbia.edu | Female 
320 | Alys | Duggleby | aduggleby8v@blogger.com | Female 
322 | Aurora | Sharer | asharer8x@rambler.ru | Female 
321 | Heddi | Southey | hsouthey8w@blogs.com | Female 
323 | Clarette | Lamplough | clamplough8y@jalbum.net | Female 
325 | Freeman | Grundon | fgrundon90@aol.com | Male 
324 | Mayer | Steers | msteers8z@google.fr | Male 
326 | Orin | Gromley | ogromley91@census.gov | Male 
327 | Marlo | Hanselmann | mhanselmann92@icq.com | Female 
329 | Leonardo | Kalinke | lkalinke94@constantcontact.com | Male 
328 | Gloria | Andric | gandric93@linkedin.com | Female 
330 | Corny | Deverock | cdeverock95@dot.gov | Male 
331 | Martha | Bernasek | mbernasek96@craigslist.org | Female 
334 | Zeke | Bradden | zbradden99@godaddy.com | Male 
333 | Dalila | Ebdin | debdin98@yellowpages.com | Female 
335 | Ambrose | Gumbrell | agumbrell9a@fc2.com | Male 
337 | Estella | Huckerbe | ehuckerbe9c@chronoengine.com | Female 
332 | Wilt | Shingler | wshingler97@about.com | Male 
336 | Zelda | Wais | zwais9b@feedburner.com | Female 
339 | Sherilyn | Jeffress | sjeffress9e@hostgator.com | Female 
341 | Doroteya | Accum | daccum9g@wordpress.com | Female 
340 | Maryrose | Cutcliffe | mcutcliffe9f@abc.net.au | Female 
343 | Toddie | Glison | tglison9i@sciencedirect.com | Male 
338 | Dolorita | Botham | dbotham9d@time.com | Female 
344 | Ferrel | Arnecke | farnecke9j@stumbleupon.com | Bigender 
345 | Esma | Joreau | ejoreau9k@scribd.com | Female 
346 | Elladine | Anscombe | eanscombe9l@google.fr | Female 
342 | Thain | Ciani | tciani9h@gmpg.org | Male 
347 | Nathanael | Matches | nmatches9m@wp.com | Male 
348 | Daron | Ziebart | dziebart9n@hexun.com | Female 
349 | Deloris | Penn | dpenn9o@webmd.com | Female 
351 | Sophronia | Tingly | stingly9q@usnews.com | Female 
350 | Edouard | Nyssen | enyssen9p@nytimes.com | Non-binary 
352 | Torin | Astie | tastie9r@flickr.com | Male 
355 | Udell | Farney | ufarney9u@goo.gl | Male 
354 | Gareth | McCreery | gmccreery9t@friendfeed.com | Male 
356 | Isacco | Smooth | ismooth9v@creativecommons.org | Male 
357 | Bren | Seed | bseed9w@smugmug.com | Female 
358 | Dara | Low | dlow9x@google.nl | Female 
360 | Hi | Salman | hsalman9z@quantcast.com | Male 
353 | Demetris | Boggon | dboggon9s@ftc.gov | Male 
361 | Ritchie | Ivashnikov | rivashnikova0@meetup.com | Male 
362 | Archambault | Grzegorzewicz | agrzegorzewicza1@simplemachines.org | Male 
359 | Cross | Picardo | cpicardo9y@cnbc.com | Male 
363 | Rozanne | Rhule | rrhulea2@yellowpages.com | Female 
364 | Town | Roycroft | troycrofta3@wunderground.com | Male 
365 | Mae | Partener | mpartenera4@sitemeter.com | Female 
367 | Inesita | Turnpenny | iturnpennya6@icq.com | Female 
366 | Amitie | Ciccottini | aciccottinia5@i2i.jp | Female 
368 | Dallis | Beneyto | dbeneytoa7@walmart.com | Male 
369 | Barret | Swabey | bswabeya8@acquirethisname.com | Male 
370 | Kingston | McFetrich | kmcfetricha9@google.co.uk | Male 
373 | Barbee | Eastcourt | beastcourtac@taobao.com | Female 
372 | Nikolai | Firmin | nfirminab@plala.or.jp | Male 
371 | Jourdain | enzley | jenzleyaa@psu.edu | Male 
375 | Waring | Diack | wdiackae@latimes.com | Male 
374 | Ruben | Vakhonin | rvakhoninad@army.mil | Male 
378 | Kilian | Mergue | kmergueah@illinois.edu | Male 
377 | Hansiain | Clancy | hclancyag@columbia.edu | Male 
379 | Kaela | Custance | kcustanceai@theatlantic.com | Female 
376 | Heinrick | Abbott | habbottaf@un.org | Male 
380 | Dalston | Gawn | dgawnaj@toplist.cz | Male 
382 | Jule | Pasterfield | jpasterfieldal@lycos.com | Male 
383 | Eugenio | Hillyatt | ehillyattam@guardian.co.uk | Male 
386 | Jerry | Parrin | jparrinap@reverbnation.com | Agender 
384 | Malorie | Castagnone | mcastagnonean@wix.com | Female 
381 | Malia | Murphey | mmurpheyak@wired.com | Female 
385 | Sloan | Rizzardo | srizzardoao@elegantthemes.com | Male 
390 | Sashenka | Gogarty | sgogartyat@tinypic.com | Female 
388 | Byrle | Bradnick | bbradnickar@taobao.com | Male 
389 | Vanny | Isard | visardas@blinklist.com | Female 
391 | Sheffie | Brixey | sbrixeyau@dailymotion.com | Male 
392 | Yolanda | Suttling | ysuttlingav@webnode.com | Female 
394 | Hill | Fewtrell | hfewtrellax@businessinsider.com | Male 
393 | Jeromy | Muriel | jmurielaw@theatlantic.com | Male 
395 | Missie | Gail | mgailay@skyrock.com | Female 
396 | Sayre | Sheer | ssheeraz@wunderground.com | Female 
397 | Mil | Spellecy | mspellecyb0@edublogs.org | Bigender 
387 | Ray | Kidwell | rkidwellaq@360.cn | Male 
399 | Conchita | Cavilla | ccavillab2@noaa.gov | Non-binary 
400 | Jeremias | Brixey | jbrixeyb3@nydailynews.com | Male 
401 | Bartel | Ledwitch | bledwitchb4@intel.com | Male 
398 | Marwin | Deschelle | mdeschelleb1@intel.com | Male 
402 | Gerri | Coultass | gcoultassb5@studiopress.com | Female 
405 | Sandy | Raddon | sraddonb8@pagesperso-orange.fr | Genderfluid 
403 | Demott | Feldhorn | dfeldhornb6@xrea.com | Male 
406 | Michal | Rival | mrivalb9@slashdot.org | Male 
404 | Nell | Leechman | nleechmanb7@mtv.com | Female 
407 | Emelen | Kimberly | ekimberlyba@youtube.com | Male 
410 | Bertram | Spridgen | bspridgenbd@unicef.org | Male 
409 | Stuart | Angeau | sangeaubc@people.com.cn | Male 
408 | Tamra | Scotchford | tscotchfordbb@icq.com | Female 
412 | Leann | Wisham | lwishambf@hc360.com | Female 
413 | Gale | McGannon | gmcgannonbg@cafepress.com | Genderqueer 
411 | Lona | Croisier | lcroisierbe@va.gov | Female 
415 | Scottie | Lymer | slymerbi@amazon.de | Male 
416 | Hugibert | Evans | hevansbj@uiuc.edu | Male 
417 | Alanna | Costello | acostellobk@cpanel.net | Female 
418 | Napoleon | Maypowder | nmaypowderbl@google.it | Male 
420 | Maris | Vayro | mvayrobn@qq.com | Female 
414 | Shelton | Shave | sshavebh@163.com | Male 
421 | Lynde | Westoll | lwestollbo@cargocollective.com | Female 
419 | Saxon | Buncombe | sbuncombebm@disqus.com | Male 
423 | Grier | Iwanczyk | giwanczykbq@cpanel.net | Female 
422 | Phineas | Trematick | ptrematickbp@wix.com | Genderqueer 
426 | Melosa | Erangy | merangybt@ifeng.com | Female 
425 | Wallas | Loughman | wloughmanbs@reuters.com | Male 
427 | Tabbitha | Nurny | tnurnybu@mail.ru | Female 
424 | Lonnie | Powis | lpowisbr@telegraph.co.uk | Male 
428 | Ephrayim | Gatherell | egatherellbv@mac.com | Male 
431 | Miltie | Mordey | mmordeyby@t-online.de | Male 
429 | Haily | Crichmere | hcrichmerebw@purevolume.com | Male 
430 | Edd | Wiles | ewilesbx@washingtonpost.com | Male 
432 | Jayme | Gogarty | jgogartybz@nhs.uk | Female 
433 | Eustace | Aireton | eairetonc0@miitbeian.gov.cn | Male 
434 | Mortie | Shawley | mshawleyc1@fema.gov | Male 
435 | Lodovico | Ambridge | lambridgec2@loc.gov | Male 
436 | Ora | Sikorski | osikorskic3@bloglovin.com | Female 
437 | Darcee | Cookley | dcookleyc4@altervista.org | Female 
440 | Conn | Dadge | cdadgec7@nature.com | Male 
439 | Emiline | Bocock | ebocockc6@arizona.edu | Female 
442 | Demetris | Wakefield | dwakefieldc9@yolasite.com | Male 
441 | Gasparo | Dunlop | gdunlopc8@shinystat.com | Male 
438 | Em | Voice | evoicec5@aboutads.info | Male 
443 | Belvia | Ygoe | bygoeca@elegantthemes.com | Female 
445 | David | Stirland | dstirlandcc@nih.gov | Male 
446 | Roobbie | Cardenosa | rcardenosacd@hp.com | Female 
448 | Spence | Milby | smilbycf@utexas.edu | Male 
447 | Hamel | McCuffie | hmccuffiece@bloglines.com | Male 
450 | Allys | Carrol | acarrolch@digg.com | Female 
449 | Cullan | Delamere | cdelamerecg@foxnews.com | Male 
444 | Lemar | Brogini | lbroginicb@un.org | Male 
451 | Francklin | Grabbam | fgrabbamci@ovh.net | Male 
452 | Dyann | Edgington | dedgingtoncj@jugem.jp | Female 
455 | Kane | Beneteau | kbeneteaucm@mlb.com | Male 
453 | Sallee | Branche | sbrancheck@unesco.org | Female 
456 | Laurel | Grimm | lgrimmcn@twitter.com | Female 
458 | Willy | Castagnone | wcastagnonecp@sbwire.com | Female 
454 | Viv | Friett | vfriettcl@globo.com | Female 
457 | Shandy | Feldhuhn | sfeldhuhnco@g.co | Female 
459 | Vergil | Lowers | vlowerscq@artisteer.com | Male 
462 | Ferdy | Woollcott | fwoollcottct@chicagotribune.com | Male 
461 | Mellicent | Avison | mavisoncs@google.fr | Female 
460 | Nicolai | Lanceter | nlancetercr@freewebs.com | Male 
464 | Calvin | Heinrici | cheinricicv@cargocollective.com | Genderfluid 
465 | Courtnay | Dafydd | cdafyddcw@cisco.com | Male 
463 | Giustina | Waldram | gwaldramcu@seesaa.net | Female 
468 | Odessa | Egdal | oegdalcz@lulu.com | Female 
466 | Malvina | Jedrysik | mjedrysikcx@wp.com | Female 
467 | Alva | Gye | agyecy@statcounter.com | Male 
469 | Gradey | Chaldecott | gchaldecottd0@sphinn.com | Male 
471 | Chrotoem | Sutcliffe | csutcliffed2@domainmarket.com | Male 
470 | Gardiner | Tolson | gtolsond1@state.gov | Non-binary 
472 | Johanna | Haibel | jhaibeld3@dion.ne.jp | Female 
474 | Marlane | Pursehouse | mpursehoused5@telegraph.co.uk | Female 
473 | Rennie | Samwell | rsamwelld4@reference.com | Genderqueer 
476 | Francine | Grunbaum | fgrunbaumd7@reference.com | Female 
475 | Vanna | Cracoe | vcracoed6@cnbc.com | Female 
477 | Anabel | Hincham | ahinchamd8@com.com | Female 
478 | Bertha | McMillan | bmcmilland9@ucoz.com | Female 
480 | Rafferty | Skoughman | rskoughmandb@amazon.de | Male 
481 | Amelie | Veschi | aveschidc@omniture.com | Female 
479 | Zacharias | Boat | zboatda@cmu.edu | Male 
482 | Terencio | Holton | tholtondd@weather.com | Male 
484 | Sergeant | Mccaull | smccaulldf@sphinn.com | Male 
483 | My | Shurrock | mshurrockde@dion.ne.jp | Male 
485 | Gabby | Gantley | ggantleydg@bigcartel.com | Male 
486 | Sheena | Fieldstone | sfieldstonedh@wordpress.org | Female 
487 | Elizabeth | Joyson | ejoysondi@noaa.gov | Female 
489 | Linda | Vasyushkhin | lvasyushkhindk@fda.gov | Female 
490 | Joshua | Bucktharp | jbucktharpdl@bravesites.com | Male 
488 | Donnamarie | Torns | dtornsdj@samsung.com | Female 
491 | Gregg | Armand | garmanddm@tinyurl.com | Male 
492 | Kaitlyn | Daverin | kdaverindn@behance.net | Female 
495 | Rayshell | Pedder | rpedderdq@jiathis.com | Female 
493 | Derrick | Drackford | ddrackforddo@msu.edu | Male 
494 | Inger | Pellew | ipellewdp@360.cn | Male 
497 | Tressa | Lohde | tlohdeds@goo.ne.jp | Female 
498 | Sisile | Nicholls | snichollsdt@nba.com | Female 
500 | Rodina | Brinicombe | rbrinicombedv@archive.org | Female 
499 | Deb | Toomer | dtoomerdu@alexa.com | Female 
501 | Vince | Wardel | vwardeldw@spotify.com | Male 
496 | Camella | Lorey | cloreydr@aol.com | Female 
503 | Juli | Thorrington | jthorringtondy@barnesandnoble.com | Female 
504 | Wallis | Caddock | wcaddockdz@123-reg.co.uk | Female 
502 | Harvey | Ondra | hondradx@webnode.com | Male 
506 | Lilyan | Beernaert | lbeernaerte1@xinhuanet.com | Female 
508 | Moyna | Pigney | mpigneye3@mozilla.org | Female 
507 | Miltie | Brach | mbrache2@bloglines.com | Male 
505 | Aloin | Drews | adrewse0@sbwire.com | Male 
510 | Ahmed | Paulillo | apaulilloe5@theguardian.com | Male 
511 | Harmon | Jaggli | hjagglie6@so-net.ne.jp | Male 
512 | Amelia | Penburton | apenburtone7@unblog.fr | Female 
513 | Sharron | Barratt | sbarratte8@statcounter.com | Female 
515 | Jelene | Gatherer | jgathererea@cisco.com | Female 
514 | Halette | Realff | hrealffe9@youku.com | Female 
516 | Jessie | Walling | jwallingeb@angelfire.com | Male 
509 | Reine | Dyzart | rdyzarte4@artisteer.com | Female 
517 | Aurel | Robiot | arobiotec@chronoengine.com | Female 
519 | Talia | Boig | tboigee@comcast.net | Female 
520 | Packston | Perry | pperryef@reverbnation.com | Male 
522 | Mavra | Goodfellowe | mgoodfelloweeh@etsy.com | Female 
521 | Nolan | New | nneweg@marriott.com | Male 
518 | Deny | Behning | dbehninged@skype.com | Female 
524 | Norris | Gaize | ngaizeej@altervista.org | Male 
526 | Coop | Capey | ccapeyel@samsung.com | Male 
527 | Esther | Ducham | educhamem@soup.io | Polygender 
525 | Arvin | Dougary | adougaryek@t-online.de | Male 
529 | Hamil | Kaveney | hkaveneyeo@freewebs.com | Male 
528 | Gherardo | Wickman | gwickmanen@fda.gov | Male 
530 | Cosme | Cansfield | ccansfieldep@tuttocitta.it | Male 
531 | Bibbie | Sowthcote | bsowthcoteeq@parallels.com | Female 
523 | Cobb | Skally | cskallyei@ning.com | Male 
532 | Nataniel | Siely | nsielyer@blinklist.com | Male 
535 | Florette | Gubbin | fgubbineu@house.gov | Female 
534 | Gavin | Dunklee | gdunkleeet@stumbleupon.com | Male 
536 | Olivia | Peterkin | opeterkinev@nbcnews.com | Female 
538 | Richmound | Panyer | rpanyerex@discuz.net | Male 
533 | Odilia | Cremen | ocremenes@goo.gl | Female 
539 | Hollis | Lambertz | hlambertzey@nifty.com | Male 
541 | Kath | Semered | ksemeredf0@home.pl | Genderqueer 
540 | Nicholas | Sketch | nsketchez@cdc.gov | Male 
537 | Garret | Sobey | gsobeyew@whitehouse.gov | Male 
543 | Duffie | Warmington | dwarmingtonf2@latimes.com | Male 
542 | Teodorico | Menhci | tmenhcif1@cyberchimps.com | Polygender 
546 | Itch | Freddi | ifreddif5@army.mil | Male 
545 | Brianne | Coulman | bcoulmanf4@jigsy.com | Female 
547 | Bernadette | Gleadle | bgleadlef6@parallels.com | Female 
549 | Tova | Laurentin | tlaurentinf8@wikimedia.org | Female 
550 | Isobel | Evanson | ievansonf9@angelfire.com | Non-binary 
551 | Chere | Mash | cmashfa@github.com | Female 
548 | Melvin | Entreis | mentreisf7@nasa.gov | Male 
553 | Yehudit | Navarijo | ynavarijofc@free.fr | Male 
544 | Burgess | Colborn | bcolbornf3@com.com | Male 
555 | Jeff | Dancey | jdanceyfe@jiathis.com | Male 
554 | Reinhold | Luebbert | rluebbertfd@msu.edu | Non-binary 
552 | Bren | Gimenez | bgimenezfb@phpbb.com | Male 
556 | Shena | Bengall | sbengallff@ftc.gov | Bigender 
558 | Teddy | Hinckley | thinckleyfh@oracle.com | Male 
557 | Rakel | Beddo | rbeddofg@cisco.com | Female 
560 | Ricky | Sedger | rsedgerfj@china.com.cn | Male 
561 | Kerry | Bunton | kbuntonfk@harvard.edu | Male 
562 | Aubrie | Sidgwick | asidgwickfl@scribd.com | Female 
563 | Guthry | Castagnone | gcastagnonefm@huffingtonpost.com | Polygender 
565 | Ferris | Floyde | ffloydefo@vk.com | Male 
566 | Nickolas | Aire | nairefp@1688.com | Male 
564 | Audrie | Vale | avalefn@constantcontact.com | Female 
567 | Krispin | Lottrington | klottringtonfq@slate.com | Male 
568 | Dee | Adiscot | dadiscotfr@usda.gov | Female 
569 | Jackqueline | Rumbold | jrumboldfs@printfriendly.com | Female 
570 | Luca | Vear | lvearft@cornell.edu | Male 
571 | Josey | Wood | jwoodfu@phpbb.com | Female 
559 | Leonid | Berardt | lberardtfi@facebook.com | Male 
574 | Danell | Sandes | dsandesfx@dmoz.org | Female 
573 | Vincents | Adam | vadamfw@java.com | Agender 
576 | Farris | McCarly | fmccarlyfz@bloomberg.com | Male 
572 | Vlad | Morais | vmoraisfv@ucoz.com | Male 
577 | Skip | Derrington | sderringtong0@ustream.tv | Male 
578 | Bondie | Thurlow | bthurlowg1@example.com | Male 
580 | Nickolai | MacNeilly | nmacneillyg3@engadget.com | Male 
581 | Helsa | Korfmann | hkorfmanng4@who.int | Female 
579 | Teri | Stuttard | tstuttardg2@springer.com | Female 
583 | Wilburt | Gorvette | wgorvetteg6@sourceforge.net | Male 
575 | Alvin | Tisun | atisunfy@zdnet.com | Male 
582 | Gusella | Sacker | gsackerg5@myspace.com | Female 
585 | Archaimbaud | Wanjek | awanjekg8@cbsnews.com | Male 
587 | Colver | Howie | chowiega@jimdo.com | Male 
586 | Chancey | Endacott | cendacottg9@cdbaby.com | Male 
589 | Timmi | Dallow | tdallowgc@cnet.com | Female 
588 | Cassi | Crum | ccrumgb@webs.com | Female 
584 | Cherye | Spaxman | cspaxmang7@ucsd.edu | Female 
591 | Marsha | Swire | mswirege@theatlantic.com | Female 
592 | Kirby | Mertsching | kmertschinggf@youtu.be | Female 
594 | Alic | Bevir | abevirgh@gizmodo.com | Male 
590 | Aube | Habden | ahabdengd@youtube.com | Male 
596 | Kalli | Pickin | kpickingj@vinaora.com | Female 
593 | Franny | Pidgeley | fpidgeleygg@ox.ac.uk | Male 
597 | Cecil | Van den Hof | cvandenhofgk@senate.gov | Female 
598 | Rafi | Dunnico | rdunnicogl@ox.ac.uk | Male 
599 | Merlina | de Tocqueville | mdetocquevillegm@redcross.org | Female 
595 | Kass | Clurow | kclurowgi@devhub.com | Female 
602 | Fanechka | Behnke | fbehnkegp@ovh.net | Female 
600 | Robinia | Cayley | rcayleygn@reference.com | Female 
601 | Collie | Boulsher | cboulshergo@imdb.com | Female 
603 | Bing | Skilling | bskillinggq@youtu.be | Male 
605 | Cliff | Staining | cstaininggs@yellowpages.com | Male 
607 | Shara | Scryne | sscrynegu@statcounter.com | Female 
604 | Giulio | Strudwick | gstrudwickgr@imgur.com | Male 
609 | Elisabeth | Milleton | emilletongw@w3.org | Female 
606 | Lynett | Fritzer | lfritzergt@noaa.gov | Female 
610 | Brock | Colliss | bcollissgx@tumblr.com | Male 
608 | Micheil | Lescop | mlescopgv@cbc.ca | Bigender 
611 | Darin | Greenshields | dgreenshieldsgy@un.org | Male 
614 | Chrissie | Iacovozzo | ciacovozzoh1@boston.com | Male 
613 | Leticia | Bonn | lbonnh0@microsoft.com | Female 
612 | Baxie | Sparhawk | bsparhawkgz@is.gd | Male 
615 | Deloria | Khomishin | dkhomishinh2@about.me | Female 
618 | Sydelle | Fowls | sfowlsh5@narod.ru | Female 
616 | Grenville | Braganza | gbraganzah3@nifty.com | Male 
620 | Aldon | Craddy | acraddyh7@psu.edu | Male 
617 | Ewell | Hardaker | ehardakerh4@noaa.gov | Male 
619 | Courtney | Fearby | cfearbyh6@mac.com | Male 
622 | Evvie | Giffon | egiffonh9@histats.com | Female 
624 | Jerrie | Gabrieli | jgabrielihb@twitter.com | Female 
625 | Teddie | Barnes | tbarneshc@gravatar.com | Male 
623 | Claude | Wickens | cwickensha@psu.edu | Female 
627 | Mace | Pien | mpienhe@businesswire.com | Male 
626 | Thedrick | Beresford | tberesfordhd@xinhuanet.com | Male 
629 | Vincents | Pindell | vpindellhg@bloomberg.com | Genderfluid 
630 | Quint | Really | qreallyhh@topsy.com | Male 
621 | Reginauld | Hobgen | rhobgenh8@pen.io | Male 
628 | Franklyn | Emmerson | femmersonhf@ted.com | Male 
632 | Kevon | Philimore | kphilimorehj@nymag.com | Male 
631 | Nanni | Van Ross | nvanrosshi@tiny.cc | Female 
634 | Arny | Currum | acurrumhl@cornell.edu | Male 
633 | Addy | Ladley | aladleyhk@mapquest.com | Female 
635 | Lucky | Seeger | lseegerhm@geocities.com | Female 
638 | Randa | Jepps | rjeppshp@stanford.edu | Non-binary 
636 | Casie | Humphery | chumpheryhn@slate.com | Female 
640 | Chiquita | Gillbe | cgillbehr@dell.com | Female 
639 | Quinton | Sheivels | qsheivelshq@miibeian.gov.cn | Male 
641 | Rosita | Spriggen | rspriggenhs@fastcompany.com | Genderfluid 
642 | Regan | Gerssam | rgerssamht@bloomberg.com | Male 
643 | Olvan | Willatt | owillatthu@networksolutions.com | Male 
644 | Cher | Meggison | cmeggisonhv@eventbrite.com | Agender 
646 | Micheline | Kegley | mkegleyhx@newyorker.com | Female 
637 | Nate | Luckcuck | nluckcuckho@pcworld.com | Male 
647 | Jenilee | Baulcombe | jbaulcombehy@yahoo.com | Female 
649 | Kip | Rhymer | krhymeri0@homestead.com | Male 
645 | Lee | Newling | lnewlinghw@cyberchimps.com | Female 
650 | Ruperta | Gallahue | rgallahuei1@themeforest.net | Female 
651 | Udell | Penniall | upennialli2@ask.com | Male 
648 | Joyann | Phippen | jphippenhz@gmpg.org | Female 
653 | Quintina | Foottit | qfoottiti4@harvard.edu | Female 
654 | Talyah | Bleby | tblebyi5@wunderground.com | Female 
652 | Gwenora | Kauble | gkaublei3@shinystat.com | Female 
656 | Olin | Darrigrand | odarrigrandi7@senate.gov | Male 
657 | Randie | Berthomieu | rberthomieui8@google.com.hk | Male 
655 | Catriona | Nolte | cnoltei6@icio.us | Female 
659 | Xylia | Stolz | xstolzia@joomla.org | Female 
658 | Waldemar | Moulton | wmoultoni9@g.co | Male 
660 | Cesare | L' Anglois | clangloisib@nationalgeographic.com | Male 
663 | Walt | Heinschke | wheinschkeie@apple.com | Male 
661 | Lotte | Olivazzi | lolivazziic@foxnews.com | Female 
665 | Clem | Sholem | csholemig@hud.gov | Female 
662 | Gibb | Pagden | gpagdenid@usa.gov | Male 
664 | Neil | Spellesy | nspellesyif@blog.com | Male 
666 | Rhys | Coetzee | rcoetzeeih@techcrunch.com | Male 
667 | Devan | Instock | dinstockii@indiatimes.com | Female 
668 | Adair | McIlhone | amcilhoneij@ning.com | Male 
670 | Chen | Brash | cbrashil@technorati.com | Male 
671 | Herminia | Semmence | hsemmenceim@pcworld.com | Female 
669 | Jarad | Drache | jdracheik@sogou.com | Male 
673 | Kacey | Artz | kartzio@latimes.com | Female 
672 | Barnabe | McGrey | bmcgreyin@bloomberg.com | Male 
674 | Llewellyn | Evison | levisonip@arstechnica.com | Male 
676 | Melanie | Pietruszka | mpietruszkair@jalbum.net | Genderfluid 
675 | Uri | Barnett | ubarnettiq@house.gov | Genderfluid 
677 | Angel | Gouldstraw | agouldstrawis@imdb.com | Male 
679 | Lucho | Warry | lwarryiu@seattletimes.com | Bigender 
678 | Jeniffer | Beuscher | jbeuscherit@google.es | Female 
681 | Donnell | Woodhall | dwoodhalliw@issuu.com | Genderfluid 
680 | Temple | Rounding | troundingiv@blogs.com | Bigender 
682 | Jasmin | Zecchini | jzecchiniix@cnn.com | Female 
685 | Gallard | Sey | gseyj0@imgur.com | Male 
683 | Michele | Donne | mdonneiy@whitehouse.gov | Male 
686 | Carmel | Hasslocher | chasslocherj1@youku.com | Non-binary 
684 | Barbe | Abate | babateiz@xinhuanet.com | Female 
688 | Thorin | Arney | tarneyj3@yellowpages.com | Male 
690 | Rube | Janos | rjanosj5@imgur.com | Male 
689 | Guillermo | Charles | gcharlesj4@elegantthemes.com | Male 
687 | Jorrie | Caulier | jcaulierj2@g.co | Female 
691 | Krisha | Alves | kalvesj6@paginegialle.it | Male 
692 | Umberto | Coots | ucootsj7@marketwatch.com | Male 
693 | Hannah | Wills | hwillsj8@topsy.com | Female 
695 | Whitman | Langley | wlangleyja@cargocollective.com | Male 
694 | Hubey | Warne | hwarnej9@unicef.org | Male 
696 | Wilma | Noble | wnoblejb@blogspot.com | Female 
697 | Beitris | Trathen | btrathenjc@xinhuanet.com | Genderqueer 
699 | Jeri | Alelsandrovich | jalelsandrovichje@army.mil | Female 
700 | Edita | Lossman | elossmanjf@amazon.co.uk | Non-binary 
698 | Ricardo | Gaywood | rgaywoodjd@senate.gov | Bigender 
703 | Juli | Burnsall | jburnsallji@elpais.com | Female 
702 | Samson | Clerc | sclercjh@friendfeed.com | Male 
705 | Rubi | Townsley | rtownsleyjk@parallels.com | Female 
704 | Colas | Hickford | chickfordjj@wunderground.com | Male 
706 | Em | Bruty | ebrutyjl@unicef.org | Male 
701 | Hagan | Lyon | hlyonjg@amazon.co.uk | Male 
707 | Gearalt | Chorley | gchorleyjm@google.de | Male 
708 | Demetrius | Wallman | dwallmanjn@java.com | Male 
710 | Justen | Francesco | jfrancescojp@lycos.com | Male 
711 | Dahlia | Mulran | dmulranjq@whitehouse.gov | Female 
709 | Scot | Duggary | sduggaryjo@joomla.org | Male 
713 | Dwayne | Bernardes | dbernardesjs@ox.ac.uk | Male 
712 | Tedmund | Spat | tspatjr@prnewswire.com | Male 
714 | Shaw | Ledley | sledleyjt@twitter.com | Agender 
716 | Clarice | Swinglehurst | cswinglehurstjv@pagesperso-orange.fr | Female 
715 | Cammie | Thurley | cthurleyju@hhs.gov | Female 
717 | Stevena | Wilsone | swilsonejw@issuu.com | Female 
718 | Emelda | Whilder | ewhilderjx@cargocollective.com | Female 
721 | Wait | Flattman | wflattmank0@altervista.org | Male 
719 | Stanislaw | Aronovich | saronovichjy@china.com.cn | Male 
720 | Fabiano | Robilart | frobilartjz@rediff.com | Bigender 
723 | Jarred | Haldon | jhaldonk2@dion.ne.jp | Male 
724 | Modestine | Spinley | mspinleyk3@si.edu | Female 
722 | Odie | Deller | odellerk1@washingtonpost.com | Male 
727 | Bettina | Janu | bjanuk6@wisc.edu | Female 
725 | Ilka | Wastling | iwastlingk4@wordpress.org | Female 
726 | Jeffry | Cookes | jcookesk5@un.org | Male 
729 | Caye | Griffitts | cgriffittsk8@businesswire.com | Female 
730 | Zara | Vost | zvostk9@storify.com | Non-binary 
731 | Timmi | Bollard | tbollardka@amazon.com | Female 
733 | Aleksandr | Brosius | abrosiuskc@nih.gov | Bigender 
732 | Olag | Mineghelli | omineghellikb@addthis.com | Male 
728 | Roddie | Rudge | rrudgek7@ucoz.com | Male 
734 | Lenora | Lowensohn | llowensohnkd@jimdo.com | Female 
735 | Becca | Coltart | bcoltartke@youtube.com | Female 
736 | Lucretia | Spearett | lspearettkf@psu.edu | Female 
739 | Roosevelt | Skip | rskipki@imgur.com | Male 
737 | Christian | Satch | csatchkg@ucoz.ru | Male 
738 | Salem | Prynne | sprynnekh@apache.org | Male 
742 | Brenn | Prothero | bprotherokl@printfriendly.com | Genderqueer 
740 | Mikol | Claybourn | mclaybournkj@yellowpages.com | Male 
743 | Gerry | Surgener | gsurgenerkm@so-net.ne.jp | Genderfluid 
741 | Shay | Coudray | scoudraykk@4shared.com | Male 
745 | Jazmin | Petzolt | jpetzoltko@gizmodo.com | Female 
746 | Alicea | Bonifazio | abonifaziokp@si.edu | Bigender 
744 | Charles | Van Der Hoog | cvanderhoogkn@xing.com | Male 
747 | Orville | Lyttle | olyttlekq@state.tx.us | Male 
749 | Meg | Cuthbert | mcuthbertks@deviantart.com | Female 
750 | Gerhardt | Hinchon | ghinchonkt@weibo.com | Male 
751 | Rafaelita | Branchett | rbranchettku@elegantthemes.com | Female 
752 | Ninnette | Weatherley | nweatherleykv@buzzfeed.com | Female 
753 | Leann | Gutcher | lgutcherkw@amazon.co.jp | Female 
748 | Alvan | Asling | aaslingkr@biglobe.ne.jp | Male 
754 | Jaquenetta | Konzel | jkonzelkx@ft.com | Female 
756 | Merill | McAlarney | mmcalarneykz@unesco.org | Male 
757 | Koressa | Mattson | kmattsonl0@examiner.com | Female 
759 | Barnebas | Cottle | bcottlel2@loc.gov | Male 
758 | Lamar | Leeburn | lleeburnl1@twitter.com | Male 
760 | Dorothea | Makeswell | dmakeswelll3@miitbeian.gov.cn | Female 
755 | Gregoor | Tejada | gtejadaky@mysql.com | Male 
762 | Cobb | Streater | cstreaterl5@woothemes.com | Bigender 
761 | Noell | Cleiment | ncleimentl4@surveymonkey.com | Female 
764 | Bryana | Haw | bhawl7@epa.gov | Female 
763 | Sarita | Castard | scastardl6@example.com | Female 
766 | Gris | Hallyburton | ghallyburtonl9@bbc.co.uk | Male 
768 | Syd | Hawkey | shawkeylb@shareasale.com | Male 
765 | Carie | Gordon | cgordonl8@narod.ru | Female 
767 | Bertie | Boddie | bboddiela@ibm.com | Male 
769 | Leela | Filgate | lfilgatelc@pcworld.com | Agender 
770 | Hildegaard | Toping | htopingld@themeforest.net | Female 
772 | Alard | Godfree | agodfreelf@seattletimes.com | Male 
774 | Diane | Laffling | dlafflinglh@msn.com | Female 
773 | Dianna | Gherardelli | dgherardellilg@unblog.fr | Female 
775 | Cristal | Orpen | corpenli@bloglovin.com | Female 
777 | Alvera | Minard | aminardlk@cyberchimps.com | Female 
778 | Bobina | Bremeyer | bbremeyerll@aboutads.info | Female 
776 | Noella | Ruusa | nruusalj@discuz.net | Female 
771 | Kaia | Waddams | kwaddamsle@boston.com | Female 
779 | Bret | Boow | bboowlm@intel.com | Male 
781 | Lemmie | Gascone | lgasconelo@chron.com | Male 
780 | Alica | Theurer | atheurerln@hubpages.com | Female 
783 | Nedi | Phillpotts | nphillpottslq@bigcartel.com | Female 
782 | Denney | Sallings | dsallingslp@github.io | Male 
784 | Binnie | Cantwell | bcantwelllr@youku.com | Female 
785 | Basile | Alejandre | balejandrels@wsj.com | Male 
786 | Gnni | Delagnes | gdelagneslt@wikimedia.org | Female 
789 | Sherye | Sketcher | ssketcherlw@e-recht24.de | Female 
787 | Jillane | Motton | jmottonlu@pbs.org | Female 
788 | Alfie | Santore | asantorelv@ifeng.com | Female 
790 | Ollie | Trenbay | otrenbaylx@hubpages.com | Female 
792 | Lynett | Brinsford | lbrinsfordlz@businessinsider.com | Non-binary 
793 | Matilde | Coltart | mcoltartm0@istockphoto.com | Female 
794 | Amalia | Kalkhoven | akalkhovenm1@angelfire.com | Female 
795 | Peri | Scarff | pscarffm2@ovh.net | Bigender 
791 | Marilin | Tracy | mtracyly@tumblr.com | Female 
796 | Jory | MacCosto | jmaccostom3@homestead.com | Male 
798 | Tiffani | McGerraghty | tmcgerraghtym5@angelfire.com | Non-binary 
797 | Orton | Tichelaar | otichelaarm4@vk.com | Male 
800 | Marcello | Wybourne | mwybournem7@mac.com | Male 
799 | Maribel | Demoge | mdemogem6@nbcnews.com | Female 
801 | Lorin | Brychan | lbrychanm8@yolasite.com | Male 
803 | Caz | Cassels | ccasselsma@icq.com | Male 
804 | Fremont | Ayers | fayersmb@un.org | Male 
802 | Sande | Schops | sschopsm9@nasa.gov | Female 
805 | Gustavus | Worviell | gworviellmc@sohu.com | Polygender 
807 | Stevy | Rickertsen | srickertsenme@buzzfeed.com | Male 
809 | Ricard | Rance | rrancemg@yale.edu | Male 
808 | Antonin | Quiddihy | aquiddihymf@cdc.gov | Male 
806 | Jaimie | Nanson | jnansonmd@google.fr | Female 
810 | Trista | Saylor | tsaylormh@oakley.com | Female 
811 | Cassey | Basso | cbassomi@guardian.co.uk | Female 
813 | Bernadina | Blanket | bblanketmk@baidu.com | Female 
814 | Pieter | Taveriner | ptaverinerml@squidoo.com | Male 
816 | Laurens | Reedman | lreedmanmn@weibo.com | Male 
812 | Noelle | Gajownik | ngajownikmj@springer.com | Female 
818 | Dominga | Yapp | dyappmp@wunderground.com | Female 
815 | Conny | Tipperton | ctippertonmm@mtv.com | Male 
817 | Clayton | Prosser | cprossermo@sfgate.com | Male 
821 | Brynn | Metrick | bmetrickms@devhub.com | Female 
820 | Dukie | Cutill | dcutillmr@loc.gov | Genderfluid 
819 | Natka | Adacot | nadacotmq@google.co.uk | Female 
823 | Tamiko | Sparey | tspareymu@economist.com | Female 
822 | Jean | Rein | jreinmt@taobao.com | Male 
824 | Fran | Crusham | fcrushammv@geocities.com | Female 
825 | Jennee | Duesberry | jduesberrymw@gravatar.com | Female 
827 | Arie | Schimpke | aschimpkemy@arizona.edu | Male 
828 | Simonne | Peacocke | speacockemz@storify.com | Female 
830 | Moreen | Vasic | mvasicn1@yahoo.com | Female 
829 | Gizela | McPaik | gmcpaikn0@dropbox.com | Female 
831 | Fey | Hengoed | fhengoedn2@whitehouse.gov | Female 
832 | Rowland | Dobrovolny | rdobrovolnyn3@netlog.com | Male 
834 | Hayyim | Scowcraft | hscowcraftn5@dmoz.org | Male 
826 | Tabatha | Storm | tstormmx@fotki.com | Female 
833 | Avery | Sorsby | asorsbyn4@marketwatch.com | Bigender 
836 | Aluin | Cisneros | acisnerosn7@state.tx.us | Male 
835 | Abel | Peepall | apeepalln6@google.es | Male 
837 | Delia | Grinov | dgrinovn8@gov.uk | Female 
839 | Seumas | Sichardt | ssichardtna@msu.edu | Male 
840 | Antin | O'Keeffe | aokeeffenb@discovery.com | Genderqueer 
841 | Roddie | Pepys | rpepysnc@buzzfeed.com | Male 
843 | Avigdor | Gregan | agreganne@alexa.com | Agender 
838 | Thorn | Impey | timpeyn9@marriott.com | Male 
844 | Janetta | Plaschke | jplaschkenf@digg.com | Female 
842 | Emili | Beagen | ebeagennd@wix.com | Female 
845 | Fiorenze | Mapledoore | fmapledooreng@bigcartel.com | Female 
848 | Yardley | Mussen | ymussennj@usda.gov | Male 
846 | Misha | Mcwhinnie | mmcwhinnienh@vkontakte.ru | Female 
849 | Pietro | Cayley | pcayleynk@ocn.ne.jp | Male 
847 | Agosto | Growcock | agrowcockni@hc360.com | Male 
850 | Conchita | Bruton | cbrutonnl@ted.com | Genderqueer 
851 | Keene | Gidman | kgidmannm@xing.com | Male 
852 | Hy | Jarad | hjaradnn@instagram.com | Male 
854 | Analiese | Oakenfull | aoakenfullnp@angelfire.com | Female 
855 | Astrid | Hugett | ahugettnq@japanpost.jp | Female 
856 | Tabbitha | Stoney | tstoneynr@discovery.com | Female 
853 | Sanford | Roux | srouxno@stumbleupon.com | Male 
858 | Theresa | Hunnicutt | thunnicuttnt@irs.gov | Female 
859 | Gerianne | Foxen | gfoxennu@businessinsider.com | Female 
861 | Rena | Finn | rfinnnw@sohu.com | Female 
860 | Ollie | Broy | obroynv@nationalgeographic.com | Female 
863 | Adelaida | Alabone | aalaboneny@sbwire.com | Polygender 
862 | Any | Dmiterko | admiterkonx@usatoday.com | Male 
864 | Stanwood | Peeters | speetersnz@nba.com | Male 
865 | Godfree | Buckby | gbuckbyo0@seattletimes.com | Male 
866 | Skye | Rupke | srupkeo1@upenn.edu | Male 
867 | Allen | Sutherns | asuthernso2@mozilla.com | Male 
869 | Tybi | Conochie | tconochieo4@fema.gov | Female 
868 | Sol | Kunzelmann | skunzelmanno3@twitpic.com | Male 
857 | Charley | Eard | ceardns@live.com | Male 
871 | Elyn | Rabl | erablo6@merriam-webster.com | Female 
870 | Catrina | Dougliss | cdouglisso5@patch.com | Female 
874 | Gene | Lukehurst | glukehursto9@yelp.com | Male 
873 | Mathe | McCafferky | mmccafferkyo8@blogtalkradio.com | Male 
875 | Nevil | McMeeking | nmcmeekingoa@china.com.cn | Male 
872 | Blair | Naptin | bnaptino7@smh.com.au | Female 
876 | Cob | Swyne | cswyneob@bizjournals.com | Male 
877 | Rudd | Hayller | rhaylleroc@photobucket.com | Male 
878 | Marna | Crennan | mcrennanod@ftc.gov | Female 
879 | Ilsa | Gwyther | igwytheroe@angelfire.com | Female 
881 | Aurilia | Boyat | aboyatog@dyndns.org | Female 
880 | Baxy | Sheriff | bsheriffof@army.mil | Male 
882 | Eddi | Giblin | egiblinoh@msn.com | Female 
884 | Min | Siaskowski | msiaskowskioj@chicagotribune.com | Agender 
886 | Royal | Norwich | rnorwichol@hc360.com | Male 
883 | Rufe | Copsey | rcopseyoi@xing.com | Bigender 
885 | Cherish | Orwin | corwinok@sakura.ne.jp | Female 
888 | Roxana | Halfhyde | rhalfhydeon@icq.com | Bigender 
890 | Jobi | Bartalot | jbartalotop@alexa.com | Female 
887 | Barney | Le Lievre | blelievreom@ca.gov | Male 
891 | Audry | Hartless | ahartlessoq@discovery.com | Female 
892 | Wilek | Priditt | wpridittor@narod.ru | Male 
894 | Francesco | Moger | fmogerot@unblog.fr | Male 
889 | Link | Kalewe | lkaleweoo@zimbio.com | Male 
895 | Danya | McKenna | dmckennaou@163.com | Female 
893 | Sissie | Treacher | streacheros@csmonitor.com | Female 
896 | Irv | Carde | icardeov@creativecommons.org | Male 
897 | Lauretta | Libero | lliberoow@freewebs.com | Female 
899 | Ileana | Reddecliffe | ireddecliffeoy@discovery.com | Female 
898 | Sven | Woolacott | swoolacottox@zdnet.com | Male 
900 | Francklyn | Helgass | fhelgassoz@sakura.ne.jp | Genderqueer 
901 | Richard | Gatus | rgatusp0@shareasale.com | Male 
902 | Bennett | Rosling | broslingp1@dagondesign.com | Male 
905 | Wendeline | Borris | wborrisp4@telegraph.co.uk | Female 
903 | Tybi | Amy | tamyp2@networkadvertising.org | Female 
906 | Raye | Gawke | rgawkep5@columbia.edu | Female 
907 | Ludovika | MacMenamin | lmacmenaminp6@yolasite.com | Female 
904 | Israel | Dwelley | idwelleyp3@google.co.jp | Male 
908 | Meriel | Dionisii | mdionisiip7@tripadvisor.com | Female 
911 | Elmer | Joselson | ejoselsonpa@smh.com.au | Male 
910 | Madel | Plampeyn | mplampeynp9@bloglovin.com | Female 
909 | Emilio | Signe | esignep8@gnu.org | Male 
912 | Sybil | Kayser | skayserpb@mac.com | Female 
913 | Parry | Rilston | prilstonpc@storify.com | Male 
915 | Chrissie | McOrkil | cmcorkilpe@geocities.com | Female 
914 | Cassondra | Jertz | cjertzpd@latimes.com | Female 
916 | Daphne | Trent | dtrentpf@xing.com | Female 
917 | Wilhelmina | Rigbye | wrigbyepg@nba.com | Female 
918 | Kit | Greguoli | kgreguoliph@bandcamp.com | Female 
921 | Staford | Mc-Kerley | smckerleypk@ftc.gov | Male 
919 | Jenelle | Kennford | jkennfordpi@comsenz.com | Female 
920 | Augustine | Naisby | anaisbypj@wired.com | Female 
922 | Wittie | Carruth | wcarruthpl@epa.gov | Male 
923 | Finley | Vondrys | fvondryspm@php.net | Male 
924 | Ashley | Cosgrove | acosgrovepn@biglobe.ne.jp | Female 
926 | Lauralee | Vile | lvilepp@prlog.org | Female 
925 | Romonda | Yates | ryatespo@nifty.com | Female 
927 | Vite | Mountney | vmountneypq@amazon.co.uk | Male 
928 | Carmine | Krikorian | ckrikorianpr@sun.com | Female 
929 | Marvin | Purselowe | mpurseloweps@tinyurl.com | Male 
931 | Noelyn | Halburton | nhalburtonpu@patch.com | Bigender 
932 | Charmion | Harmant | charmantpv@surveymonkey.com | Female 
930 | Louisette | Boar | lboarpt@google.co.jp | Female 
933 | Bryon | Raynham | braynhampw@gizmodo.com | Male 
935 | Olav | Tilio | otiliopy@last.fm | Male 
934 | Marcel | Bende | mbendepx@people.com.cn | Male 
936 | Lorianna | Mitchiner | lmitchinerpz@google.co.uk | Female 
939 | Weider | Joutapavicius | wjoutapaviciusq2@canalblog.com | Male 
938 | Ashlie | Rothert | arothertq1@ifeng.com | Female 
937 | Paulette | Turpie | pturpieq0@creativecommons.org | Female 
940 | Monika | Blackleech | mblackleechq3@walmart.com | Female 
942 | Fremont | Domenge | fdomengeq5@wikimedia.org | Male 
941 | Heriberto | Alexandre | halexandreq4@netvibes.com | Male 
944 | Eldon | Newbury | enewburyq7@dropbox.com | Male 
946 | Brit | Draysey | bdrayseyq9@gov.uk | Female 
945 | Sigvard | Hovee | shoveeq8@cbc.ca | Male 
943 | Nessi | Layburn | nlayburnq6@ask.com | Female 
947 | Frederique | Hatrey | fhatreyqa@bizjournals.com | Female 
949 | Aluino | Bramhill | abramhillqc@nasa.gov | Male 
948 | Peggie | Calkin | pcalkinqb@qq.com | Female 
950 | Lucille | Baroux | lbarouxqd@diigo.com | Female 
951 | Gleda | Zellmer | gzellmerqe@ibm.com | Bigender 
953 | Wiley | Spours | wspoursqg@blogs.com | Male 
952 | Molli | Kaiser | mkaiserqf@omniture.com | Female 
955 | Nerissa | Fromant | nfromantqi@github.io | Female 
957 | Kamilah | Ebanks | kebanksqk@wisc.edu | Female 
954 | Carri | Fransinelli | cfransinelliqh@github.io | Female 
956 | Bettina | Swalowe | bswaloweqj@imageshack.us | Female 
959 | Lida | Alfwy | lalfwyqm@dailymail.co.uk | Female 
961 | Lilla | Davydenko | ldavydenkoqo@spotify.com | Female 
960 | Tori | D'Adda | tdaddaqn@csmonitor.com | Female 
958 | Freida | Cowhig | fcowhigql@zimbio.com | Female 
963 | Cherida | Baseggio | cbaseggioqq@hp.com | Female 
962 | Elton | Dalgetty | edalgettyqp@google.fr | Bigender 
965 | Catherine | Kenford | ckenfordqs@marketwatch.com | Female 
966 | Leeland | McFeate | lmcfeateqt@icq.com | Male 
967 | Kendra | Book | kbookqu@liveinternet.ru | Female 
970 | Far | Duro | fduroqx@bigcartel.com | Male 
964 | Donnie | Spatig | dspatigqr@prweb.com | Male 
968 | Angelika | Mordy | amordyqv@typepad.com | Female 
969 | Osmund | Dawltrey | odawltreyqw@blogspot.com | Male 
972 | Shane | Pingstone | spingstoneqz@ifeng.com | Male 
973 | Madge | Thickins | mthickinsr0@edublogs.org | Female 
974 | Nehemiah | Fairholm | nfairholmr1@cafepress.com | Male 
975 | Martynne | Jeyes | mjeyesr2@domainmarket.com | Polygender 
977 | Fern | Bowering | fboweringr4@illinois.edu | Female 
971 | Odey | Goode | ogoodeqy@soundcloud.com | Male 
978 | Juliana | Malitrott | jmalitrottr5@squarespace.com | Female 
976 | Ailey | Bigrigg | abigriggr3@joomla.org | Female 
980 | Nikki | Hemmingway | nhemmingwayr7@usgs.gov | Female 
981 | Heywood | Balnaves | hbalnavesr8@jiathis.com | Genderfluid 
979 | Oriana | Gyles | ogylesr6@edublogs.org | Female 
983 | Lenee | Janjusevic | ljanjusevicra@yelp.com | Female 
985 | Page | Paradyce | pparadycerc@purevolume.com | Female 
982 | Odille | Gatecliffe | ogatecliffer9@google.cn | Female 
984 | Angy | Etuck | aetuckrb@guardian.co.uk | Female 
986 | Colet | Ramstead | cramsteadrd@storify.com | Male 
988 | Rodolfo | Lebel | rlebelrf@si.edu | Male 
987 | Ximenez | Gollin | xgollinre@ftc.gov | Male 
989 | Elaine | Burchill | eburchillrg@slashdot.org | Female 
992 | Ashley | Akett | aakettrj@discovery.com | Male 
990 | Aymer | Riditch | ariditchrh@yahoo.com | Male 
993 | Bobbee | Larvent | blarventrk@pinterest.com | Female 
994 | Sebastiano | Romand | sromandrl@howstuffworks.com | Non-binary 
991 | Hermia | Seeman | hseemanri@yale.edu | Polygender 
995 | Marinna | Bisterfeld | mbisterfeldrm@deviantart.com | Female 
998 | Moll | Vose | mvoserp@miitbeian.gov.cn | Female 
996 | Averyl | Aitken | aaitkenrn@trellian.com | Female 
999 | Torie | Rollitt | trollittrq@twitpic.com | Female 
1000 | Sinclare | Chad | schadrr@networkadvertising.org | Bigender 
997 | Nari | Collyer | ncollyerro@latimes.com | Female 
